{
  "avatar": "/juanp.JPG",
  "name": "Juan Pablo",
  "title": "Full-Stack Developer",
  "location": "Remote",
  "media": {
    "email": "jmono280@gmail.com",
    "cv": "/data/cvJUAN2023.pdf",
    "github": "https://github.com/jmono280",
    "likedin": "https://www.linkedin.com/in/juan-pablo-gutierrez-872345272/"
  },
  "about": "I am a passionate Full Stack Developer with 10 years of experience designing, developing and implementing software solutions. I have a solid understanding of both front-end and back-end technologies and specialize in building unique applications.",
  "technologies": [
    {
      "icon": "devicon-php-plain",
      "name": "PHP"
    },
    {
      "icon": "devicon-javascript-plain colored",
      "name": "JavaScript"
    },
    {
      "icon": "devicon-json-plain",
      "name": "Json"
    },
    {
      "icon": "devicon-python-plain colored",
      "name": "Python"
    },
    {
      "icon": "devicon-mysql-plain-wordmark colored",
      "name": "Mysql"
    },
    {
      "icon": "devicon-java-plain",
      "name": "Java"
    },
    {
      "icon": "devicon-nodejs-plain-wordmark colored",
      "name": "NodeJs"
    },
    {
      "icon": "devicon-flask-original-wordmark",
      "name": "Flask"
    },
    {
      "icon": "devicon-docker-plain-wordmark",
      "name": "Docker"
    },
    {
      "icon": "devicon-git-plain",
      "name": "Git"
    },
    {
      "icon": "devicon-html5-plain",
      "name": "Git"
    }
  ],
  "experience": [
    {
      "icon": "info",
      "title": "Software developer",
      "subtitle": "Java software connected to Oracle database for the creation of electrical transformers",
      "description": "Java software developer, Oracle database",
      "date": "8 Años"
    },
    {
      "icon": "info",
      "title": "Software developer Sr",
      "subtitle": "Independent professional",
      "description": "Creation of software for different companies, development of web applications (Flask), mobile (React Native) and desktop (Java, Python).",
      "date": "3 Años"
    },
    {
      "icon": "info",
      "title": "Independent software development",
      "subtitle": "React Native App",
      "description": "Database query and search application for financial company.",
      "date": "1 Año"
    },
    {
      "icon": "info",
      "title": "Independent software development",
      "subtitle": "Aplicación web react",
      "description": "Web Crud, for a company that manages its own staff data.",
      "date": "1 Año"
    },
    {
      "icon": "info",
      "title": "Independent software development",
      "subtitle": "App Web React Native",
      "description": "Currently creating an application for consulting and reporting personnel registered in a database.",
      "date": "1 Año"
    }
  ],
  "projects": [
    {
      "icon": "folder-git-2",
      "title": "Portafolio",
      "subtitle": "HV",
      "description": "Professional portfolio made in reflex python",
      "technologies": [
        {
          "icon": "evicon-python-plain",
          "name": "Python"
        },
        {
          "icon": "devicon-bash-plain",
          "name": "Reflex"
        }
      ],
      "image": "/porta.png",
      "url": "#",
      "github": "https://github.com/jmono280/cv.git"
    },
    {
      "icon": "folder-git-2",
      "title": "Back Node",
      "subtitle": "Back to data management",
      "description": "API for managing user data with login and data registration using jwt for user authentication, it also has a CRUD (Create, Read, Update, Delete.)",
      "technologies": [
        {
          "icon": "evicon-python-plain",
          "name": "Python"
        },
        {
          "icon": "devicon-bash-plain",
          "name": "Reflex"
        }
      ],
      "image": "/api.png",
      "url": "#",
      "github": "https://github.com/jmono280/back-node.git"
    }
  ],
  "training": [
    {
      "icon": "box-select",
      "title": "Systems Engineer",
      "subtitle": "Not titled",
      "description": "I dropped out of college in the last semester for work reasons.",
      "date": "3 Years",
      "certificate": "/data/Titulos.pdf"
    },
    {
      "icon": "box-select",
      "title": "Systems Technologist",
      "subtitle": "Professional Certificate",
      "description": "Obtained professional certification as a systems technologist.",
      "date": "3 Years",
      "certificate": "/data/Titulos.pdf"
    }
  ],
  "extras": [
    {
      "image": "/Zener.png",
      "title": "REPAIR AND MAINTENANCE OF COMPUTERS",
      "description": "Academia ZENER Madrid-España Octubre / Octubre 2002 - Julio 2003",
      "url": "https://www.linkedin.com/in/juan-pablo-gutierrez-872345272/"
    },
    {
      "image": "/Madrid.png",
      "title": "COMPUTER ANIMATION AND MULTIMEDIA (3D Max)",
      "description": "Institución Nuevas tencologías Madrid-España / Enero 2003 - Julio 2003",
      "url": "https://www.linkedin.com/in/juan-pablo-gutierrez-872345272/"
    },
    {
      "image": "/NodeJs.png",
      "title": "NodeJSPro",
      "description": "CURSOS DEV TECHNOLOGY / Octubre 2021 - Diciembre 2021",
      "url": "https://www.linkedin.com/in/juan-pablo-gutierrez-872345272/"
    },
    {
      "image": "/Hack.png",
      "title": "ETHICAL HACKING",
      "description": "Universidad de Catalun / Mayo 2023 - Agosto 2023",
      "url": "https://www.linkedin.com/in/juan-pablo-gutierrez-872345272/"
    },
    {
      "image": "/SCRUM.png",
      "title": "SCRUM",
      "description": "Universidad de Cataluña / Mayo 2023 - Agosto 2023",
      "url": "https://www.linkedin.com/in/juan-pablo-gutierrez-872345272/"
    }
  ],
  "skills": [
    {
      "icon": "devicon-php-plain",
      "name": "PHP",
      "percentage": "90%",
      "subject": "PHP",
      "A": 90,
      "fullMark": 100
    },
    {
      "icon": "devicon-javascript-plain colored",
      "name": "JavaScript",
      "percentage": "80%",
      "subject": "JavaScript",
      "A": 80,
      "fullMark": 100
    },
    {
      "icon": "devicon-json-plain",
      "name": "Json",
      "percentage": "90%",
      "subject": "Json",
      "A": 90,
      "fullMark": 100
    },
    {
      "icon": "devicon-python-plain colored",
      "name": "Python",
      "percentage": "85%",
      "subject": "Python",
      "A": 85,
      "fullMark": 100
    },
    {
      "icon": "devicon-mysql-plain-wordmark colored",
      "name": "Mysql",
      "percentage": "95%",
      "subject": "Mysql",
      "A": 95,
      "fullMark": 100
    },
    {
      "icon": "devicon-java-plain",
      "name": "Java",
      "percentage": "80%",
      "subject": "Java",
      "A": 80,
      "fullMark": 100
    },
    {
      "icon": "devicon-nodejs-plain-wordmark colored",
      "name": "NodeJs",
      "percentage": "90%",
      "subject": "NodeJs",
      "A": 90,
      "fullMark": 100
    },
    {
      "icon": "devicon-flask-original-wordmark",
      "name": "Flask",
      "percentage": "90%",
      "subject": "Flask",
      "A": 90,
      "fullMark": 100
    },
    {
      "icon": "devicon-docker-plain-wordmark",
      "name": "Docker",
      "percentage": "85%",
      "subject": "Docker",
      "A": 85,
      "fullMark": 100
    },
    {
      "icon": "devicon-git-plain",
      "name": "Git",
      "percentage": "80%",
      "subject": "Git",
      "A": 80,
      "fullMark": 100
    },
    {
      "icon": "devicon-html5-plain",
      "name": "Html",
      "percentage": "95%",
      "subject": "Html",
      "A": 95,
      "fullMark": 100
    },
    {
      "icon": "devicon-html5-plain",
      "name": "Css",
      "percentage": "75%",
      "subject": "Css",
      "A": 75,
      "fullMark": 100
    }
  ],
  "langs": [
    {
      "name": "Español",
      "percentage": "100%"
    },
    {
      "name": "Ingles",
      "percentage": "50%"
    }
  ]
}
